-- Auto-generated migration from somni-backup-2026-07-21.json

insert into ingredients (id, name, purchase_qty, purchase_unit, purchase_price, stock, min_stock) values
  ('588415a6-ba13-4bb7-ac6f-d4de50240713', '필라델피아 크림치즈 2kg', 2000, 'g', 26500, 25500, null),
  ('a2b1e717-3060-473d-b5a5-24d5a0d35af9', '리버티레인 크림치즈 1.36kg', 1360, 'g', 16000, 0, null),
  ('e16a7553-4d96-4284-8c85-2c8ac6b35002', '엘르앤비르 고메버터 500g', 500, 'g', 12000, 0, null),
  ('8e62a04a-7f64-4025-b979-04555ae44ea3', '롯데 우유버터 화이트 4.5kg', 4500, 'g', 49500, 0, null),
  ('e80eb954-bbd9-466c-a1d5-ec269fac27e4', '건국유업 생크림 500ml', 500, 'ml', 4300, 0, null),
  ('c45be258-05b1-4786-91d9-1c7a8aea9122', '(휘핑크림)엘르앤비르 엑설런스 35% 1L', 1, 'L', 9900, 0, null),
  ('a0470fdb-1b79-460c-8fe8-20e3167d57e2', '큐원 백설탕 15kg', 15000, 'g', 23000, 0, null),
  ('ccb02e62-00cd-446a-becc-8c88a3731ec9', '큐원 흑설탕 15kg', 15000, 'g', 27000, 0, null),
  ('59244123-7847-4ceb-ba03-e4f59316b111', '큐원 황설탕 15kg', 15000, 'g', 26000, 0, null),
  ('7a5a601a-7420-46e4-97c2-c1f381390a6f', '선인 바닐라프로200 500ml', 500, 'ml', 51000, 0, null),
  ('5ba27cbf-1c37-4fa4-bfe6-bbfa2e90474b', '(콘스타치)옥수수 전분 2kg', 2000, 'g', 4800, 0, null),
  ('12ee1b06-fea8-44e3-993f-827528ee2cb6', '꼬미다 슈가파우더 3kg', 3000, 'g', 7000, 0, null),
  ('98cffc52-17cc-4cae-822b-59eccd180e99', '선인 레몬농축액,레몬쥬스 1L', 1, 'L', 3650, 0, null),
  ('d8ad03ed-c6b6-4699-99b3-fd7124ea235c', '2815칼리바우트 다크 70% 2.5kg', 2500, 'g', 87500, 0, null),
  ('9ba01151-abbb-4d28-93a5-cc9728f4ee28', 'W2칼리바우트 화이트 2.5kg', 2500, 'g', 74500, 0, null),
  ('f3de0d3a-01eb-45cd-a692-dfa06851596a', '아이엠에그 난황 1kg', 1000, 'g', 11500, 0, null),
  ('e0ef52fc-e376-4463-b277-cf88bf899f79', '아이엠에그 난백 1kg', 1000, 'g', 6800, 0, null),
  ('8002f242-4cc5-4372-abbb-4cf84657aace', '알쿠키 750g (오레오 대체품 대용량)', 750, 'g', 6000, 0, null),
  ('9d3e2fb9-69f7-4d12-a740-469cd1d14317', '스웰 아몬드분말 1kg', 1000, 'g', 9600, 0, null),
  ('a23220ba-6547-4f99-bca7-8546b1cea273', '(PB) 4%우유 1000ml', 1000, 'ml', 1850, 0, null),
  ('2231a6bf-d12e-48d9-8afb-baaacad185de', '대한제분 박력(암소) 밀가루 20kg', 20000, 'g', 26000, 0, null),
  ('c51467e9-6706-4271-9fc6-089d55537906', '대한제분 강력 밀가루 20kg', 20000, 'g', 26500, 0, null),
  ('30456f68-f306-4a50-9790-a61301fb5742', '대한제분 중력 밀가루 20kg', 20000, 'g', 25000, 0, null),
  ('651c9803-3164-4a26-926f-835731f2869b', '대두식품 고운앙금 5kg', 5000, 'g', 17000, 0, null),
  ('10fdc6d5-5c54-4280-8f2f-b772af573409', '꽃소금 3kg', 3000, 'g', 3500, 0, null),
  ('b847dadc-53db-4c3e-bff1-8b01483948d8', '선인 베이킹파우더,비피 1kg', 1000, 'g', 12300, 0, null),
  ('cd22b44b-1ae2-4e97-864f-cedf35ded2d5', '서울우유 전지분유 1kg', 1000, 'g', 16500, 0, null),
  ('185dee10-ff87-401c-b523-0740fb05b1cd', '특란(계란)30구 1판', 1650, 'g', 8500, 0, null),
  ('c66336fb-d9f8-4968-b6d4-12a3519a86c5', '신광 옥수수 페이스트 1kg', 1000, 'g', 5500, 0, null),
  ('9bfee8be-c452-46eb-a50e-d7d9836aafe1', '오뚜기 마요네즈 파우치 3.2kg', 3200, 'g', 15500, 0, null),
  ('bfacb723-d5d8-43e7-a348-c8f88a828ef7', '잡화꿀 1kg', 1000, 'g', 12500, 0, null),
  ('bba23157-e006-4f55-913b-bd92eaa1a02f', '냉동 소보루 가루 3kg', 3000, 'g', 15500, 0, null),
  ('18916cb4-1e14-4df0-ad90-ee384fe83a91', '(청아냉동)사각시트 페이스트리 정사각', 20, '장', 6500, 0, null),
  ('f09acf7d-158c-46f4-a1c8-94469acbdb32', '바카디 화이트럼 1000ml', 1000, 'ml', 25000, 0, null),
  ('efc7837f-39ad-4e48-a728-de257243cc87', '바카디 골드럼 1000ml', 1000, 'ml', 25000, 0, null),
  ('380da7b6-521e-4c2e-9646-12d4da462e02', '이든 타피오카전분 1kg', 1000, 'g', 3950, 0, null),
  ('2d362ea0-333d-4d54-8cfc-53255587a5d1', '새롬푸드 건식찹쌀가루 1kg', 1000, 'g', 5200, 0, null),
  ('bf00a24a-642e-4d26-a490-d594ed5657be', '베리업 딸기 992g', 992, 'g', 15500, 0, null),
  ('c8f3f06e-eb9d-4372-a08c-23949b9ff8d8', '백색 케익상자(하판) 3호', 1, '개', 400, 0, null),
  ('50b7a5cf-0b48-47d1-867d-735f261d7e80', '백색 케익상자(하판) 1호', 1, '개', 300, 0, null),
  ('f43f1f9c-80b8-4f4d-bfde-175c67184240', '백색 케익상자(하판) 2호', 1, '개', 330, 0, null),
  ('4cfa51c5-8fae-49b9-9804-7b6f5ec27256', '미로와 데코젤 5kg', 5000, 'g', 39800, 0, null),
  ('ba36c59c-ce85-4ff6-86c6-0d37fdf7d573', '대두식품 통팥앙금 5kg', 5000, 'g', 16000, 0, null),
  ('af1f2220-58ce-479a-b8e9-489e9739912e', '매일유업 연유파우치 1kg', 1000, 'g', 6800, 0, null),
  ('a9d5bf57-4065-4256-aea5-31485228a6f4', '커버럭스 화이트 코팅 5kg', 5000, 'g', 44500, 0, null),
  ('62ec73e5-eaad-4876-9a27-be7b3bb69cc0', '밀라 마스카포네치즈 500g', 500, 'g', 9200, 0, null),
  ('75ea94a7-c1f0-4079-b93e-fbf5f4d6fb3b', '마다가스카르 바닐라빈 250g', 250, 'g', 58000, 0, null),
  ('00542e4b-2b1c-43cf-9926-bfd87f90c110', '블루 니트릴장갑(L) 100장', 100, '장', 6300, 0, null),
  ('4114eecf-f33c-452b-b86b-98c14095ecbc', '블루 니트릴장갑(S) 100장', 100, '장', 6300, 0, null),
  ('23f0f6f1-a2d6-456d-8dbe-3b2ba3292a26', '블루 니트릴장갑(M) 100장', 100, '장', 6300, 0, null),
  ('6eb724a1-46ea-4e19-994e-5abb9c0fc6bc', '대두식품 강낭콩배기 2kg', 2000, 'g', 8600, 0, null),
  ('e274e919-3103-49b5-9d62-5474cbd0df37', '끼리 크림치즈 1kg', 1000, 'g', 19500, 0, null),
  ('74957cfd-461f-4d44-8da8-0557f25f7436', '삼양사 물엿 5kg', 5000, 'g', 9500, 0, null),
  ('55189e30-7dc6-4b0e-a3fe-025ea689da2b', '다빈치 바닐라빈 소스 2.6kg', 2600, 'g', 27800, 0, null),
  ('721af3e5-9f86-4b75-86a7-971cdb872454', '대두식품 쌀가루 강력 3kg', 3000, 'g', 15000, 0, null),
  ('d2c6beba-e160-4f99-9228-b3d6195086ed', '대두식품 쌀가루 박력 3kg', 3000, 'g', 9500, 0, null),
  ('cc2b5f66-3087-4cd6-9613-edd87de8d719', '매일유업 테너베이스 애플망고 1.2kg', 1200, 'g', 9800, 0, null),
  ('87e91eab-f6af-4ea9-b4d8-8d293d804f85', '발로나 코코아파우더 1kg', 1000, 'g', 42000, 0, null),
  ('a7d80a45-f732-4c5c-8a01-d1e928f888af', '선인 에스피 1kg', 1000, 'g', 5950, 0, null),
  ('3e55b407-d8e5-4149-ac4e-e458806aecc4', '선인 옥수수레진 1kg', 1000, 'g', 12200, 0, null),
  ('9930d20a-8d4a-4b1d-ad10-36143a1a8cbb', '선인 판젤라틴 1kg', 1000, 'g', 40000, 0, null),
  ('8cb9d677-ddce-430e-aff4-2c8be5faaf93', '짤주머니(롤타입)18인치', 100, '장', 5950, 0, null),
  ('fcc121c4-dca8-4403-a862-b81205c066db', '칼리바우트 다크 컴파운드 초콜릿 12.5kg', 12500, 'g', 89000, 0, null),
  ('d12716fa-0d15-4a6b-8c14-f7106aeaa06f', '말차 파우더(수망다원)', 1000, 'g', 100000, 0, null),
  ('af86305d-217d-4c29-b189-4c19b0f17739', '물', 1, 'ml', 0, 0, 0),
  ('e346a9d7-ee3f-4372-a8f3-c585fffff586', '슈 커스터드 크림', 2500, 'g', 11000, 0, null),
  ('3418b971-5d63-46ab-9f88-dc8eb3f93f52', '파스퇴르 후레쉬엘 045 생크림', 1, 'L', 17750, 0, null),
  ('0290a616-981e-4222-aac0-c8a29a693155', '냉동생지 사각 페스츄리시트(붕어빵)', 15, '개', 8450, 0, null);

insert into employees (id, name, hourly_wage) values
  ('5a23722b-122e-492a-8b4c-34aebdbf5487', '정주연', 10030),
  ('34a0bcfe-cbe9-490c-b1c2-014dacbd447f', '유성진', 10030),
  ('aa8b5ef3-bfbd-4016-96f6-1a272112036f', '김민서', 20000);

insert into cafes (id, name) values
  ('4647bcb3-1514-4796-85e2-a978d4024b5d', '시트러스'),
  ('d0ad0371-038f-4855-921a-bd3c43e52951', '차와');

insert into recipes (id, name, yield_qty, pack_label, pack_size) values
  ('60c26f69-793b-4ffc-adef-92bb557a81c1', '말차 바스크 치즈케이크', 160, '박스', 10),
  ('2467ac4b-e67b-4f1e-bead-1c75503092a0', '플레인바스크치즈케이크', 200, '박스', 10),
  ('186a541d-bc4e-4e5f-90d7-4c2604c15093', '에그타르트 반죽 1배합', 146, '랩핑팩', 12),
  ('207d4d7e-70c7-42b2-b4a3-ab77d66a3cca', '휘낭시에 1배합', 24, '짤주머니', 2);

insert into recipe_items (recipe_id, ingredient_id, amount) values
  ('60c26f69-793b-4ffc-adef-92bb557a81c1', '588415a6-ba13-4bb7-ac6f-d4de50240713', 10000),
  ('60c26f69-793b-4ffc-adef-92bb557a81c1', 'a0470fdb-1b79-460c-8fe8-20e3167d57e2', 3800),
  ('60c26f69-793b-4ffc-adef-92bb557a81c1', '185dee10-ff87-401c-b523-0740fb05b1cd', 4005),
  ('60c26f69-793b-4ffc-adef-92bb557a81c1', 'e80eb954-bbd9-466c-a1d5-ec269fac27e4', 5802),
  ('60c26f69-793b-4ffc-adef-92bb557a81c1', '7a5a601a-7420-46e4-97c2-c1f381390a6f', 146),
  ('60c26f69-793b-4ffc-adef-92bb557a81c1', 'd12716fa-0d15-4a6b-8c14-f7106aeaa06f', 400),
  ('2467ac4b-e67b-4f1e-bead-1c75503092a0', '588415a6-ba13-4bb7-ac6f-d4de50240713', 15500),
  ('2467ac4b-e67b-4f1e-bead-1c75503092a0', 'a0470fdb-1b79-460c-8fe8-20e3167d57e2', 4088),
  ('2467ac4b-e67b-4f1e-bead-1c75503092a0', '185dee10-ff87-401c-b523-0740fb05b1cd', 4088),
  ('2467ac4b-e67b-4f1e-bead-1c75503092a0', 'e80eb954-bbd9-466c-a1d5-ec269fac27e4', 6250),
  ('2467ac4b-e67b-4f1e-bead-1c75503092a0', '5ba27cbf-1c37-4fa4-bfe6-bbfa2e90474b', 400),
  ('2467ac4b-e67b-4f1e-bead-1c75503092a0', '7a5a601a-7420-46e4-97c2-c1f381390a6f', 175),
  ('186a541d-bc4e-4e5f-90d7-4c2604c15093', '2231a6bf-d12e-48d9-8afb-baaacad185de', 3324),
  ('186a541d-bc4e-4e5f-90d7-4c2604c15093', 'c51467e9-6706-4271-9fc6-089d55537906', 840),
  ('186a541d-bc4e-4e5f-90d7-4c2604c15093', 'e16a7553-4d96-4284-8c85-2c8ac6b35002', 2800),
  ('186a541d-bc4e-4e5f-90d7-4c2604c15093', 'a0470fdb-1b79-460c-8fe8-20e3167d57e2', 240),
  ('186a541d-bc4e-4e5f-90d7-4c2604c15093', '10fdc6d5-5c54-4280-8f2f-b772af573409', 80),
  ('186a541d-bc4e-4e5f-90d7-4c2604c15093', 'af86305d-217d-4c29-b189-4c19b0f17739', 996),
  ('207d4d7e-70c7-42b2-b4a3-ab77d66a3cca', 'e0ef52fc-e376-4463-b277-cf88bf899f79', 314),
  ('207d4d7e-70c7-42b2-b4a3-ab77d66a3cca', '74957cfd-461f-4d44-8da8-0557f25f7436', 20),
  ('207d4d7e-70c7-42b2-b4a3-ab77d66a3cca', 'a0470fdb-1b79-460c-8fe8-20e3167d57e2', 210),
  ('207d4d7e-70c7-42b2-b4a3-ab77d66a3cca', 'ccb02e62-00cd-446a-becc-8c88a3731ec9', 250),
  ('207d4d7e-70c7-42b2-b4a3-ab77d66a3cca', '30456f68-f306-4a50-9790-a61301fb5742', 160),
  ('207d4d7e-70c7-42b2-b4a3-ab77d66a3cca', 'e16a7553-4d96-4284-8c85-2c8ac6b35002', 500),
  ('207d4d7e-70c7-42b2-b4a3-ab77d66a3cca', 'bfacb723-d5d8-43e7-a348-c8f88a828ef7', 20),
  ('207d4d7e-70c7-42b2-b4a3-ab77d66a3cca', '9d3e2fb9-69f7-4d12-a740-469cd1d14317', 200);

insert into stock_logs (ingredient_id, ingredient_name, unit, date, type, change, after, note) values
  ('7a5a601a-7420-46e4-97c2-c1f381390a6f', '선인 바닐라프로200 500ml', 'ml', '2026-07-20', '생산 차감', -175, -321, '플레인바스크치즈케이크 1배합 생산'),
  ('5ba27cbf-1c37-4fa4-bfe6-bbfa2e90474b', '(콘스타치)옥수수 전분 2kg', 'g', '2026-07-20', '생산 차감', -400, -400, '플레인바스크치즈케이크 1배합 생산'),
  ('e80eb954-bbd9-466c-a1d5-ec269fac27e4', '건국유업 생크림 500ml', 'ml', '2026-07-20', '생산 차감', -6250, -12052, '플레인바스크치즈케이크 1배합 생산'),
  ('185dee10-ff87-401c-b523-0740fb05b1cd', '특란(계란)30구 1판', 'g', '2026-07-20', '생산 차감', -4088, -8093, '플레인바스크치즈케이크 1배합 생산'),
  ('a0470fdb-1b79-460c-8fe8-20e3167d57e2', '큐원 백설탕 15kg', 'g', '2026-07-20', '생산 차감', -4088, -7888, '플레인바스크치즈케이크 1배합 생산'),
  ('588415a6-ba13-4bb7-ac6f-d4de50240713', '필라델피아 크림치즈 2kg', 'g', '2026-07-20', '생산 차감', -15500, -25500, '플레인바스크치즈케이크 1배합 생산'),
  ('d12716fa-0d15-4a6b-8c14-f7106aeaa06f', '말차 파우더(수망다원)', 'g', '2026-07-21', '생산 차감', -400, -400, '말차 바스크 치즈케이크 1배합 생산'),
  ('7a5a601a-7420-46e4-97c2-c1f381390a6f', '선인 바닐라프로200 500ml', 'ml', '2026-07-21', '생산 차감', -146, -146, '말차 바스크 치즈케이크 1배합 생산'),
  ('e80eb954-bbd9-466c-a1d5-ec269fac27e4', '건국유업 생크림 500ml', 'ml', '2026-07-21', '생산 차감', -5802, -5802, '말차 바스크 치즈케이크 1배합 생산'),
  ('185dee10-ff87-401c-b523-0740fb05b1cd', '특란(계란)30구 1판', 'g', '2026-07-21', '생산 차감', -4005, -4005, '말차 바스크 치즈케이크 1배합 생산'),
  ('a0470fdb-1b79-460c-8fe8-20e3167d57e2', '큐원 백설탕 15kg', 'g', '2026-07-21', '생산 차감', -3800, -3800, '말차 바스크 치즈케이크 1배합 생산'),
  ('588415a6-ba13-4bb7-ac6f-d4de50240713', '필라델피아 크림치즈 2kg', 'g', '2026-07-21', '생산 차감', -10000, -10000, '말차 바스크 치즈케이크 1배합 생산');

insert into shipments (date, cafe_id, recipe_id, qty, entered_qty, entered_unit, unit_cost, total_cost) values
  ('2026-07-21', 'd0ad0371-038f-4855-921a-bd3c43e52951', '60c26f69-793b-4ffc-adef-92bb557a81c1', 20, 2, '박스', 1648.4230303030301, 32968.4606060606),
  ('2026-07-21', '4647bcb3-1514-4796-85e2-a978d4024b5d', '2467ac4b-e67b-4f1e-bead-1c75503092a0', 30, 3, '박스', 1526.3133030303031, 45789.39909090909);
